decisionaid.ohri.ca,,https://decisionaid.ohri.ca/
eta.gov.lk,,https://eta.gov.lk/
www.henry-lemoine.com,,https://www.henry-lemoine.com/
www.pepperfry.co,,https://www.pepperfry.co/
www.marsrouge.co,,https://www.marsrouge.co/
www.cira.it,,https://www.cira.it/
www.pepperfry.co,,https://www.pepperfry.co/
batepapo.uol.com.br,,https://batepapo.uol.com.br/
www.xscores.co,,https://www.xscores.co/
www.dethlefsen-balk.de,,https://www.dethlefsen-balk.de/
e-aaps.org,,https://e-aaps.org/
www.sezane.co,,https://www.sezane.co/
www.riogrande.coop,,https://www.riogrande.coop/
www.concur.co,,https://www.concur.co/
www.biodiversidad.gob.mx,,https://www.biodiversidad.gob.mx/
www.canfor.co,,https://www.canfor.co/
www.consultingroom.com,,https://www.consultingroom.com/
conferences.moneyshow.com,,https://conferences.moneyshow.com/
