www.rbi.org.in,,https://www.rbi.org.in
www.rbi.org.in,,https://www.rbi.org.in
www.containerstore.com,,https://www.containerstore.com
iwaponline.com,,https://iwaponline.com
iwaponline.com,,https://iwaponline.com
srandi.com,,https://srandi.com
www.fullernaples.co,,https://www.fullernaples.co
www.boersen-zeitung.de,,https://www.boersen-zeitung.de
sondervig.dk,,https://sondervig.dk
www.martinbros.com,,https://www.martinbros.com
www.martinbros.com,,https://www.martinbros.com
www.freedom.com.au,,https://www.freedom.com.au
www.freedom.com.au,,https://www.freedom.com.au
zeitgeistfilms.com,,https://zeitgeistfilms.com
www.peaceloveburgers.com,,https://www.peaceloveburgers.com
www.lexie.com,,https://www.lexie.com
www.fourseasons.co,,https://www.fourseasons.co
www.beermenus.com,,https://www.beermenus.com
nsla.libguides.com,,https://nsla.libguides.com
www.davidrumsey.com,,https://www.davidrumsey.com
www.cmnh.org,,https://www.cmnh.org
www.cmnh.org,,https://www.cmnh.org
keukenhof.nl,,https://keukenhof.nl
www.lecreuset.co,,https://www.lecreuset.co
www.lactaid.com,,https://www.lactaid.com
chicago.suntimes.co,,https://chicago.suntimes.co
www.acousticguitarforum.com,,https://www.acousticguitarforum.com
www.avinc.com,,https://www.avinc.com
www.celebdino.com,,https://www.celebdino.com
stanza-desktop.en.softonic.co,,https://stanza-desktop.en.softonic.co
store.enthought.com,,https://store.enthought.com
www.bonsaiempire.com,,https://www.bonsaiempire.com
libguides.lub.lu.se,,https://libguides.lub.lu.se
conservancy.umn.edu,,https://conservancy.umn.edu
www.reverbnation.co,,https://www.reverbnation.co
www.ripcurl.com.au,,https://www.ripcurl.com.au
www.vermillionbank.co,,https://www.vermillionbank.co
www.ccnsa-nccah.ca,,https://www.ccnsa-nccah.ca
revistas-filologicas.unam.mx,,https://revistas-filologicas.unam.mx
convergencia.uaemex.mx,,https://convergencia.uaemex.mx
discuss.inventables.com,,https://discuss.inventables.com
www.housejoy.in,,https://www.housejoy.in
proceedings.asmedigitalcollection.asme.org,,https://proceedings.asmedigitalcollection.asme.org
www.familydollar.co,,https://www.familydollar.co
menstrualcupreviews.net,,https://menstrualcupreviews.net
www.waterpik.com,,https://www.waterpik.com
khkgears.net,,https://khkgears.net
www.marwadionline.com,,https://www.marwadionline.com
www.slantmagazine.com,,https://www.slantmagazine.com
www.slantmagazine.com,,https://www.slantmagazine.com
pierce.instructure.co,,https://pierce.instructure.co
www.surlyhorns.com,,https://www.surlyhorns.com
www.visitingangels.co,,https://www.visitingangels.co
west-sussex-family-assist.custhelp.co,,https://west-sussex-family-assist.custhelp.co
marketchameleon.com,,https://marketchameleon.com
www.abyssinica.com,,https://www.abyssinica.com
awoko.org,,https://awoko.org
dict.eudic.net,,https://dict.eudic.net
www.wolf-alkmaar.nl,,https://www.wolf-alkmaar.nl
www.notmar.gc.ca,,https://www.notmar.gc.ca
www.charlotteobserver.co,,https://www.charlotteobserver.co
archivaria.ca,,https://archivaria.ca
bio-protocol.org,,https://bio-protocol.org
www.rovigooggi.it,,https://www.rovigooggi.it
shop.franklinplanner.co,,https://shop.franklinplanner.co
www.staffmarket.com,,https://www.staffmarket.com
sauder.co,,https://sauder.co
oilprice.co,,https://oilprice.co
www.biodiversidad.gob.mx,,https://www.biodiversidad.gob.mx
www.dnp.gov.co,,https://www.dnp.gov.co
neogenomics.co,,https://neogenomics.co
www.heinnie.com,,https://www.heinnie.com
www.proudonline.co.uk,,https://www.proudonline.co.uk
www.cantabilesoftware.com,,https://www.cantabilesoftware.com
math.berkeley.edu,,https://math.berkeley.edu
www.dchsystem.co,,https://www.dchsystem.co
www.journeys.co,,https://www.journeys.co
hiphopdx.co,,https://hiphopdx.co
www.pediatriconcall.com,,https://www.pediatriconcall.com
www.tradersway.co,,https://www.tradersway.co
app.leadformly.com,,https://app.leadformly.com
www.freshbooks.co,,https://www.freshbooks.co
foleymotorsports.co,,https://foleymotorsports.co
www.ntc.gov.au,,https://www.ntc.gov.au
