www.pottermore.co,,https://www.pottermore.co
www.pottermore.co,,https://www.pottermore.co
www.exphem.org,,https://www.exphem.org
img1.wsimg.com,,https://img1.wsimg.com
eta.gov.lk,,https://eta.gov.lk
www.deccanrummy.co,,https://www.deccanrummy.co
www.fullernaples.co,,https://www.fullernaples.co
www.flixster.co,,https://www.flixster.co
hoi4.paradoxwikis.com,,https://hoi4.paradoxwikis.com
doodle.co,,https://doodle.co
cdn.hackaday.io,,https://cdn.hackaday.io
pm.advil.com,,https://pm.advil.com
www.gamesofdesire.co,,https://www.gamesofdesire.co
signin.ea.com,,https://signin.ea.com
www.chusj.org,,https://www.chusj.org
www.debka.com,,https://www.debka.com
researchguides.case.edu,,https://researchguides.case.edu
researchguides.case.edu,,https://researchguides.case.edu
charlestoncottonexchange.com,,https://charlestoncottonexchange.com
www.dfrobot.com,,https://www.dfrobot.com
www.cira.it,,https://www.cira.it
www.pge.com,,https://www.pge.com
ncode.syosetu.com,,https://ncode.syosetu.com
ncode.syosetu.com,,https://ncode.syosetu.com
newzgroup.com,,https://newzgroup.com
www.oscars.org,,https://www.oscars.org
en.chessbase.com,,https://en.chessbase.com
rarbg.to,,https://rarbg.to
www.valdosta.edu,,https://www.valdosta.edu
journalhosting.ucalgary.ca,,https://journalhosting.ucalgary.ca
www.godaddy.co,,https://www.godaddy.co
bdtd.unifal-mg.edu.br,,https://bdtd.unifal-mg.edu.br
macmule.com,,https://macmule.com
pro.psychcentral.com,,https://pro.psychcentral.com
www.mayfieldclinic.com,,https://www.mayfieldclinic.com
www.theosociety.org,,https://www.theosociety.org
songhotels.com.au,,https://songhotels.com.au
www.kommersant.ru,,https://www.kommersant.ru
www.thepartsalliance.com,,https://www.thepartsalliance.com
www.sheltertree.com,,https://www.sheltertree.com
www.sharpusa.com,,https://www.sharpusa.com
batepapo.uol.com.br,,https://batepapo.uol.com.br
www.med.uottawa.ca,,https://www.med.uottawa.ca
store.discovery.co,,https://store.discovery.co
districts.ecourts.gov.in,,https://districts.ecourts.gov.in
www.abyssinica.com,,https://www.abyssinica.com
insinkerator.emerson.com,,https://insinkerator.emerson.com
www.johnwoodwaterheaters.com,,https://www.johnwoodwaterheaters.com
www.freelancewriting.co,,https://www.freelancewriting.co
dict.eudic.net,,https://dict.eudic.net
www.fois.indianrail.gov.in,,https://www.fois.indianrail.gov.in
capital.com.my,,https://capital.com.my
www4.aucegypt.edu,,https://www4.aucegypt.edu
phst.jp,,https://phst.jp
www.slowfood.com,,https://www.slowfood.com
agent.car-hiroba.jp,,https://agent.car-hiroba.jp
whatismyipaddress.co,,https://whatismyipaddress.co
www.kbb.com,,https://www.kbb.com
ojs.victoria.ac.nz,,https://ojs.victoria.ac.nz
web32.uottawa.ca,,https://web32.uottawa.ca
www.dsacommunityfoundation.org,,https://www.dsacommunityfoundation.org
tallerpr.org,,https://tallerpr.org
www.canfor.co,,https://www.canfor.co
www.edb.sk,,https://www.edb.sk
tureng.co,,https://tureng.co
business-insurance.aon.com.au,,https://business-insurance.aon.com.au
digitum.um.es,,https://digitum.um.es
www.flowerphotos.com,,https://www.flowerphotos.com
eu4.paradoxwikis.com,,https://eu4.paradoxwikis.com
conferences.moneyshow.com,,https://conferences.moneyshow.com
www.santepubliquefrance.fr,,https://www.santepubliquefrance.fr
macsphere.mcmaster.ca,,https://macsphere.mcmaster.ca
vectorstate.com,,https://vectorstate.com
www.kobelcocm-global.com,,https://www.kobelcocm-global.com
forzamotorsport.net,,https://forzamotorsport.net
www.rri-tools.eu,,https://www.rri-tools.eu
www.asics.com,,https://www.asics.com
vaccination-info-service.fr,,https://vaccination-info-service.fr
mylife.org.pk,,https://mylife.org.pk
www.englishforums.com,,https://www.englishforums.com
