thatalchemistwoman.wordpress.co,,https://thatalchemistwoman.wordpress.co
www.ontarioparks.com,,https://www.ontarioparks.com
www.abc.es,,https://www.abc.es
iwaponline.com,,https://iwaponline.com
img1.wsimg.com,,https://img1.wsimg.com
solutions-in-plastics.info,,https://solutions-in-plastics.info
www.wd40specialist.com,,https://www.wd40specialist.com
www.bankofamerica.com,,https://www.bankofamerica.com
pantene.com,,https://pantene.com
www.southwest.com,,https://www.southwest.com
en.onefootball.com,,https://en.onefootball.com
coned.georgebrown.ca,,https://coned.georgebrown.ca
www.draper.co,,https://www.draper.co
www.draper.co,,https://www.draper.co
www.watfordobserver.co.uk,,https://www.watfordobserver.co.uk
citas.sat.gob.mx,,https://citas.sat.gob.mx
www.asthmafoundation.org.nz,,https://www.asthmafoundation.org.nz
www.bluemountain.co,,https://www.bluemountain.co
www.hallmark.co,,https://www.hallmark.co
www.jacquielawson.co,,https://www.jacquielawson.co
readymag.com,,https://readymag.com
www.express.co,,https://www.express.co
hoi4.paradoxwikis.com,,https://hoi4.paradoxwikis.com
www.olx.pl,,https://www.olx.pl
www.rtl.de,,https://www.rtl.de
www.goodwood.com,,https://www.goodwood.com
repository.nwu.ac.za,,https://repository.nwu.ac.za
www.weibo.com,,https://www.weibo.com
robbiesinspiration.wordpress.co,,https://robbiesinspiration.wordpress.co
www.wixonjewelers.com,,https://www.wixonjewelers.com
cdn.hackaday.io,,https://cdn.hackaday.io
www.id-logistics.com,,https://www.id-logistics.com
desired.bandcamp.co,,https://desired.bandcamp.co
desired.bandcamp.co,,https://desired.bandcamp.co
eu4.paradoxwikis.com,,https://eu4.paradoxwikis.com
help.symantec.com,,https://help.symantec.com
sharondrury.com,,https://sharondrury.com
www.semel.ucla.edu,,https://www.semel.ucla.edu
ff.couponplatz.de,,https://ff.couponplatz.de
canvas.ucsc.edu,,https://canvas.ucsc.edu
cfapp.icao.int,,https://cfapp.icao.int
help.ebsco.com,,https://help.ebsco.com
breather.co,,https://breather.co
www.northeastern.edu,,https://www.northeastern.edu
www.silabs.com,,https://www.silabs.com
store.enthought.com,,https://store.enthought.com
www.follett.co,,https://www.follett.co
www.92y.org,,https://www.92y.org
www.nendaz.ch,,https://www.nendaz.ch
www.thehomelike.com,,https://www.thehomelike.com
lamassu.is,,https://lamassu.is
www.kansas.com,,https://www.kansas.com
securingtomorrow.mcafee.com,,https://securingtomorrow.mcafee.com
coinmarketcap.co,,https://coinmarketcap.co
www.emarketer.co,,https://www.emarketer.co
www.etonline.com,,https://www.etonline.com
chemistry.boisestate.edu,,https://chemistry.boisestate.edu
volcano.si.edu,,https://volcano.si.edu
www.ticketweb.com,,https://www.ticketweb.com
treasury.un.org,,https://treasury.un.org
www.barneys.com,,https://www.barneys.com
www.geocaching.co,,https://www.geocaching.co
community.quickbase.com,,https://community.quickbase.com
ched.gov.ph,,https://ched.gov.ph
www.ncwildlife.org,,https://www.ncwildlife.org
drcatesthespadr.podbean.com,,https://drcatesthespadr.podbean.com
www.purchasingpower.com,,https://www.purchasingpower.com
selinc.co,,https://selinc.co
selinc.co,,https://selinc.co
nf.aafp.org,,https://nf.aafp.org
bdtd.unifal-mg.edu.br,,https://bdtd.unifal-mg.edu.br
nctc.instructure.com,,https://nctc.instructure.com
www.equities.com,,https://www.equities.com
www.follettlearning.com,,https://www.follettlearning.com
www.uefa.com,,https://www.uefa.com
www.walkscore.com,,https://www.walkscore.com
rightsignature.com,,https://rightsignature.com
owner.ford.com,,https://owner.ford.com
www.business.gov.au,,https://www.business.gov.au
www.whig.com,,https://www.whig.com
www.returningfromgermany.de,,https://www.returningfromgermany.de
www.freetaxusa.co,,https://www.freetaxusa.co
www.hertz.com,,https://www.hertz.com
wss.mahadiscom.in,,https://wss.mahadiscom.in
pcs.mahaonline.gov.in,,https://pcs.mahaonline.gov.in
www.spsd.sk.ca,,https://www.spsd.sk.ca
www.insight.com,,https://www.insight.com
www.childrensplace.com,,https://www.childrensplace.com
www.techinasia.com,,https://www.techinasia.com
www.morganstanley.com,,https://www.morganstanley.com
www.mathisbrothers.co,,https://www.mathisbrothers.co
jst.doded.mil,,https://jst.doded.mil
www.emsc-csem.org,,https://www.emsc-csem.org
www.umsystem.edu,,https://www.umsystem.edu
www.walmart.ca,,https://www.walmart.ca
bostonpizza.com,,https://bostonpizza.com
www.bestwestern.com,,https://www.bestwestern.com
www.omega.co,,https://www.omega.co
thwack.solarwinds.com,,https://thwack.solarwinds.com
www.nsandi.com,,https://www.nsandi.com
www.wordsandphrasesfromthepast.com,,https://www.wordsandphrasesfromthepast.com
say.telstra.com.au,,https://say.telstra.com.au
www.eventideaudio.com,,https://www.eventideaudio.com
www.dnb.com,,https://www.dnb.com
app.avention.co,,https://app.avention.co
www4.aucegypt.edu,,https://www4.aucegypt.edu
www.canowindranews.com.au,,https://www.canowindranews.com.au
www.canowindranews.com.au,,https://www.canowindranews.com.au
www.wctv.tv,,https://www.wctv.tv
allihoopa.com,,https://allihoopa.com
www.jneb.org,,https://www.jneb.org
www.jneb.org,,https://www.jneb.org
www.bnl.gov,,https://www.bnl.gov
developers.exlibrisgroup.com,,https://developers.exlibrisgroup.com
www.apartments.com,,https://www.apartments.com
www.technosport.co,,https://www.technosport.co
www.sportsexperts.ca,,https://www.sportsexperts.ca
www.humana.com,,https://www.humana.com
www.lionairthai.com,,https://www.lionairthai.com
www.erieinsurance.co,,https://www.erieinsurance.co
www.erieinsurance.co,,https://www.erieinsurance.co
www.carlsonwagonlit.co,,https://www.carlsonwagonlit.co
www.kbb.com,,https://www.kbb.com
spring.enterprisesg.gov.sg,,https://spring.enterprisesg.gov.sg
armypubs.army.mil,,https://armypubs.army.mil
www.gipsstandards.org,,https://www.gipsstandards.org
www.oasas.ny.gov,,https://www.oasas.ny.gov
www.deallawyers.com,,https://www.deallawyers.com
classifieds.ksl.com,,https://classifieds.ksl.com
www.flexsteel.co,,https://www.flexsteel.co
www.overstock.co,,https://www.overstock.co
kcm.org,,https://kcm.org
www.express.com,,https://www.express.com
www.biodiversidad.gob.mx,,https://www.biodiversidad.gob.mx
www.thestandardnewspaper.ca,,https://www.thestandardnewspaper.ca
www.kiplinger.com,,https://www.kiplinger.com
goravens.ca,,https://goravens.ca
web32.uottawa.ca,,https://web32.uottawa.ca
www.thejc.com,,https://www.thejc.com
www.njherald.com,,https://www.njherald.com
www.belfastlive.co.uk,,https://www.belfastlive.co.uk
research-information.bristol.ac.uk,,https://research-information.bristol.ac.uk
moonwalklondon2018.everydayhero.com,,https://moonwalklondon2018.everydayhero.com
www.voot.com,,https://www.voot.com
www.hotstar.com,,https://www.hotstar.com
www.mandalaybay.com,,https://www.mandalaybay.com
www.shanghaidisneyresort.com,,https://www.shanghaidisneyresort.com
www.shop.paperphenomenon.com,,https://www.shop.paperphenomenon.com
www.livingcircular.veolia.com,,https://www.livingcircular.veolia.com
www.oyster.com,,https://www.oyster.com
www.kone.com,,https://www.kone.com
www.skinvision.com,,https://www.skinvision.com
canvas.uw.edu,,https://canvas.uw.edu
www.arkdiscovery.com,,https://www.arkdiscovery.com
www.dmc.org,,https://www.dmc.org
jmd.amjpathol.org,,https://jmd.amjpathol.org
ifs.harriscountytx.gov,,https://ifs.harriscountytx.gov
www.quiltercheviot.com,,https://www.quiltercheviot.com
client.quiltercheviot.co,,https://client.quiltercheviot.co
eu4.paradoxwikis.com,,https://eu4.paradoxwikis.com
caleprocure.ca.gov,,https://caleprocure.ca.gov
shippingforms.bpglobal.com,,https://shippingforms.bpglobal.com
www.nba.com,,https://www.nba.com
msuweb.montclair.edu,,https://msuweb.montclair.edu
blog.soton.ac.uk,,https://blog.soton.ac.uk
blog.soton.ac.uk,,https://blog.soton.ac.uk
www.santepubliquefrance.fr,,https://www.santepubliquefrance.fr
www.kingcounty.gov,,https://www.kingcounty.gov
www.chw.org,,https://www.chw.org
www.snpedia.com,,https://www.snpedia.com
taylormadegolf.com,,https://taylormadegolf.com
s7d2.scene7.com,,https://s7d2.scene7.com
shb.ais.ucla.edu,,https://shb.ais.ucla.edu
www.horizonhobby.de,,https://www.horizonhobby.de
www.belimo.com,,https://www.belimo.com
www.newbalance.com,,https://www.newbalance.com
www.mymanatee.org,,https://www.mymanatee.org
online.bradford.gov.uk,,https://online.bradford.gov.uk
online.bradford.gov.uk,,https://online.bradford.gov.uk
www.hoseasons.co.uk,,https://www.hoseasons.co.uk
www.ikea.cn,,https://www.ikea.cn
blogs.imf.org,,https://blogs.imf.org
represent.com,,https://represent.com
www.expressandstar.com,,https://www.expressandstar.com
