www.nursingeconomics.net,,https://www.nursingeconomics.net
www-sop.inria.fr,,https://www-sop.inria.fr
www.brightredpublishing.co.uk,,https://www.brightredpublishing.co.uk
answers.unrealengine.com,,https://answers.unrealengine.com
www.christianitytoday.com,,https://www.christianitytoday.com
www.australianmining.com.au,,https://www.australianmining.com.au
apps.cedars-sinai.edu,,https://apps.cedars-sinai.edu
www.jobs.net,,https://www.jobs.net
ahdc.vet.cornell.edu,,https://ahdc.vet.cornell.edu
www.thelindquistgroup.com,,https://www.thelindquistgroup.com
certification.comptia.org,,https://certification.comptia.org
openagenda.com,,https://openagenda.com
theodora.com,,https://theodora.com
www.bordeaux.com,,https://www.bordeaux.com
www.seat61.com,,https://www.seat61.com
