www.gostrengths.com,,https://www.gostrengths.com
forums.adobe.com,,https://forums.adobe.com
support.tmetric.com,,https://support.tmetric.com
f1000.com,,https://f1000.com
www.dairynz.co.nz,,https://www.dairynz.co.nz
partstream.arinet.com,,https://partstream.arinet.com
www.vogelwarte.ch,,https://www.vogelwarte.ch
www.invaluable.com,,https://www.invaluable.com
www.cdfa.ca.gov,,https://www.cdfa.ca.gov
www.aaos.org,,https://www.aaos.org
www.fabtechexpo.co,,https://www.fabtechexpo.co
robbery-bob-2.en.uptodown.com,,https://robbery-bob-2.en.uptodown.com
www.rhs.org.uk,,https://www.rhs.org.uk
local.dmv.org,,https://local.dmv.org
surgery.ucsf.edu,,https://surgery.ucsf.edu
emetoutreach.com,,https://emetoutreach.com
www.tonalite.it,,https://www.tonalite.it
www.cairn-int.info,,https://www.cairn-int.info
theodora.com,,https://theodora.com
www.electricscotland.com,,https://www.electricscotland.com
www.johnson.ca,,https://www.johnson.ca
bemorewithless.com,,https://bemorewithless.com
www.genoway.com,,https://www.genoway.com
