education.ky.gov,,https://education.ky.gov
www.jobs.net,,https://www.jobs.net
blend.io,,https://blend.io
cars.usnews.com,,https://cars.usnews.com
www.mediacorp.sg,,https://www.mediacorp.sg
www.export.gov,,https://www.export.gov
www.sprint.com,,https://www.sprint.com
app.a-star.edu.sg,,https://app.a-star.edu.sg
www.plugin-alliance.com,,https://www.plugin-alliance.com
sit-bulan.wixsite.com,,https://sit-bulan.wixsite.com
recreation.ku.edu,,https://recreation.ku.edu
health.usnews.com,,https://health.usnews.com
www.yr.no,,https://www.yr.no
www.loopnet.com,,https://www.loopnet.com
