bestapples.com,,https://bestapples.com
thesefootballtimes.co,,https://thesefootballtimes.co
developer.asperasoft.com,,https://developer.asperasoft.com
www.robomow.com,,https://www.robomow.com
www.cdfa.ca.gov,,https://www.cdfa.ca.gov
www.aaos.org,,https://www.aaos.org
www.thomsonbiketours.com,,https://www.thomsonbiketours.com
elcajon.gwfathom.co,,https://elcajon.gwfathom.co
glean.info,,https://glean.info
www.stpatricksfestival.ie,,https://www.stpatricksfestival.ie
www.cairn.info,,https://www.cairn.info
www.egnyte.co,,https://www.egnyte.co
www.wilsonsleather.co,,https://www.wilsonsleather.co
www.dolomiti.org,,https://www.dolomiti.org
www.appliancewhse.co,,https://www.appliancewhse.co
www.waveapps.co,,https://www.waveapps.co
www.tsw.com,,https://www.tsw.com
www.visitsanantonio.co,,https://www.visitsanantonio.co
pangea.stanford.edu,,https://pangea.stanford.edu
www.iaindale.com,,https://www.iaindale.com
www.cairn-int.info,,https://www.cairn-int.info
theodora.com,,https://theodora.com
readers.english.com,,https://readers.english.com
docassas.u-paris2.fr,,https://docassas.u-paris2.fr
